name,gt_label,pred_label,pred_score
0.png,1,1,0.5214617
12.png,1,1,0.98502445
17.png,1,1,0.97412133
26.png,1,1,0.9947056
35.png,1,1,0.91175914
40.png,1,1,0.9397871
41.png,1,1,0.95017266
4.png,1,1,0.99423605
9.png,1,1,0.9573292
47.png,0,0,0.8770975
55.png,0,0,0.8677604
62.png,0,0,0.999456
66.png,0,0,0.98813176
68.png,0,1,0.6146416
71.png,0,0,0.79150563
